car_ID,symboling,CarName,fueltype,aspiration,doornumber,carbody,drivewheel,enginelocation,wheelbase_boxcox,carlength,sqrt_carwidth,carheight,curbweight,enginetype,cylindernumber,enginesize_boxcox,fuelsystem,boreratio,logmax_stroke,compressionratio_boxcox,log_horsepower,peakrpm,citympg,highwaympg,price_boxcox,price
1,3,alfa-romero giulia,gas,std,two,convertible,rwd,front,0.19724742250494176,168.8,8.006247560499238,48.8,2548,dohc,four,1.0301525981765405,mpfi,3.47,0.9122827104766161,0.3253388843073544,4.709530201312334,5000,21,27,1.5880973119101935,13495.0
2,3,alfa-romero stelvio,gas,std,two,convertible,rwd,front,0.19724742250494176,168.8,8.006247560499238,48.8,2548,dohc,four,1.0301525981765405,mpfi,3.47,0.9122827104766161,0.3253388843073544,4.709530201312334,5000,21,27,1.5885782302319749,16500.0
3,1,alfa-romero Quadrifoglio,gas,std,two,hatchback,rwd,front,0.19724742251230815,171.2,8.093207028119323,52.4,2823,ohcv,six,1.0314978196980282,mpfi,2.68,0.5306282510621703,0.3253388843073544,5.0369526024136295,5000,19,26,1.5885782302319749,16500.0
4,2,audi 100 ls,gas,std,four,sedan,fwd,front,0.1972474225169134,176.6,8.136338242723197,54.3,2337,ohc,four,1.0283733545229374,mpfi,3.19,0.5709795465857378,0.3254447380250489,4.624972813284271,5500,24,30,1.588180876122592,13950.0
5,2,audi 100ls,gas,std,four,sedan,4wd,front,0.1972474225166162,176.6,8.148619514985345,54.3,2824,ohc,five,1.0305617959567805,mpfi,3.19,0.5709795465857378,0.325172027191599,4.74493212836325,5500,18,22,1.58870168091667,17450.0
6,2,audi fox,gas,std,two,sedan,fwd,front,0.1972474225169134,177.3,8.142481194328912,53.1,2507,ohc,five,1.0305617959567805,mpfi,3.19,0.5709795465857378,0.32526541272790754,4.700480365792417,5500,19,25,1.5883969758800789,15250.0
7,1,audi 100ls,gas,std,four,sedan,fwd,front,0.19724742252061556,192.7,8.449852069711044,55.7,2844,ohc,five,1.0305617959567805,mpfi,3.19,0.5709795465857378,0.32526541272790754,4.700480365792417,5500,19,25,1.5887335783664094,17710.0
8,1,audi 5000,gas,std,four,wagon,fwd,front,0.19724742252061556,192.7,8.449852069711044,55.7,2954,ohc,five,1.0305617959567805,mpfi,3.19,0.5709795465857378,0.32526541272790754,4.700480365792417,5500,19,25,1.5888725508380475,18920.0
9,1,audi 4000,gas,turbo,four,sedan,fwd,front,0.19724742252061556,192.7,8.449852069711044,55.9,3086,ohc,five,1.030223350559078,mpfi,3.13,0.5709795465857378,0.325230792554563,4.941642422609304,5500,17,20,1.5893182493378533,23875.0
10,0,audi 5000s (diesel),gas,turbo,two,hatchback,4wd,front,0.1972474225166912,178.2,8.240145629781066,52.0,3053,ohc,five,1.030223350559078,mpfi,3.13,0.5709795465857378,0.324893375842129,5.075173815233827,5500,16,22,1.5887515365767226,17859.167
11,2,bmw 320i,gas,std,two,sedan,rwd,front,0.19724742251789876,176.8,8.049844718999243,54.3,2395,ohc,four,1.028271720953814,mpfi,3.5,0.8628899551470398,0.3253115251395032,4.61512051684126,5800,23,29,1.5885686760031674,16430.0
12,0,bmw 320i,gas,std,four,sedan,rwd,front,0.19724742251789876,176.8,8.049844718999243,54.3,2395,ohc,four,1.028271720953814,mpfi,3.5,0.8628899551470398,0.3253115251395032,4.61512051684126,5800,23,29,1.5886348523030713,16925.0
13,0,bmw x1,gas,std,two,sedan,rwd,front,0.19724742251789876,176.8,8.049844718999243,54.3,2710,ohc,six,1.0320820818498888,mpfi,3.31,0.6830968447064438,0.3253388843073544,4.795790545596741,4250,21,28,1.5890777119300499,20970.0
14,0,bmw x3,gas,std,four,sedan,rwd,front,0.19724742251789876,176.8,8.049844718999243,54.3,2765,ohc,six,1.0320820818498888,mpfi,3.31,0.6830968447064438,0.3253388843073544,4.795790545596741,4250,21,28,1.5890900757480335,21105.0
15,1,bmw z4,gas,std,four,sedan,rwd,front,0.19724742251934865,189.0,8.179242018671413,55.7,3055,ohc,six,1.0320820818498888,mpfi,3.31,0.6830968447064438,0.3253388843073544,4.795790545596741,4250,20,25,1.5893684976612033,24565.0
16,0,bmw x4,gas,std,four,sedan,rwd,front,0.19724742251934865,189.0,8.179242018671413,55.7,3230,ohc,six,1.0336849969665753,mpfi,3.62,0.5766133643039937,0.325172027191599,5.204006687076795,5400,16,22,1.5897350950974858,30760.0
17,0,bmw x5,gas,std,two,sedan,rwd,front,0.19724742251934865,193.8,8.240145629781066,53.7,3380,ohc,six,1.0336849969665753,mpfi,3.62,0.5766133643039937,0.325172027191599,5.204006687076795,5400,16,22,1.5901437950123805,41315.0
18,0,bmw x3,gas,std,four,sedan,rwd,front,0.19724742252254063,197.0,8.420213774008355,56.3,3505,ohc,six,1.0336849969665753,mpfi,3.62,0.5766133643039937,0.325172027191599,5.204006687076795,5400,15,20,1.5899953720161573,36880.0
19,2,chevrolet impala,gas,std,two,hatchback,fwd,front,0.1972474225046373,141.1,7.76530746332687,53.2,1488,l,three,1.0198390052015898,2bbl,2.91,0.7608058290337602,0.3253974663429546,3.871201010907891,5100,47,53,1.5847278524131791,5151.0
20,1,chevrolet monte carlo,gas,std,two,hatchback,fwd,front,0.19724742251230815,155.9,7.974960814950754,52.0,1874,ohc,four,1.0260644426368357,2bbl,3.03,0.7227059828014898,0.3254077305566218,4.248495242049359,5400,38,43,1.5856065091492106,6295.0
21,0,chevrolet vega 2300,gas,std,four,sedan,fwd,front,0.19724742251230815,158.8,7.974960814950754,52.0,1909,ohc,four,1.0260644426368357,2bbl,3.03,0.7227059828014898,0.3254077305566218,4.248495242049359,5400,38,43,1.5857829825855783,6575.0
22,1,dodge rampage,gas,std,two,hatchback,fwd,front,0.19724742251146885,157.3,7.987490219086343,50.8,1876,ohc,four,1.0260644426368357,2bbl,2.97,0.6626879730752367,0.32538784506379165,4.219507705176107,5500,37,41,1.585085273259639,5572.0
23,1,dodge challenger se,gas,std,two,hatchback,fwd,front,0.19724742251146885,157.3,7.987490219086343,50.8,1876,ohc,four,1.0260644426368357,2bbl,2.97,0.6626879730752367,0.3253867527956741,4.219507705176107,5500,31,38,1.5856594954987198,6377.0
24,1,dodge d200,gas,turbo,two,hatchback,fwd,front,0.19724742251146885,157.3,7.987490219086343,50.8,2128,ohc,four,1.0271436382509427,mpfi,3.03,0.5766133643039937,0.3250782440370009,4.624972813284271,5500,24,30,1.5865021332889508,7957.0
25,1,dodge monaco (sw),gas,std,four,hatchback,fwd,front,0.19724742251146885,157.3,7.987490219086343,50.6,1967,ohc,four,1.0260644426368357,2bbl,2.97,0.6626879730752367,0.3253867527956741,4.219507705176107,5500,31,38,1.5855630384770054,6229.0
26,1,dodge colt hardtop,gas,std,four,sedan,fwd,front,0.19724742251146885,157.3,7.987490219086343,50.6,1989,ohc,four,1.0260644426368357,2bbl,2.97,0.6626879730752367,0.3253867527956741,4.219507705176107,5500,31,38,1.5858531448245325,6692.0
27,1,dodge colt (sw),gas,std,four,sedan,fwd,front,0.19724742251146885,157.3,7.987490219086343,50.6,1989,ohc,four,1.0260644426368357,2bbl,2.97,0.6626879730752367,0.3253867527956741,4.219507705176107,5500,31,38,1.5863412052379138,7609.0
28,1,dodge coronet custom,gas,turbo,two,sedan,fwd,front,0.19724742251146885,157.3,7.987490219086343,50.6,2191,ohc,four,1.0271436382509427,mpfi,3.03,0.5766133643039937,0.3250782440370009,4.624972813284271,5500,24,30,1.5867546780430937,8558.0
29,-1,dodge dart custom,gas,std,four,wagon,fwd,front,0.19724742251923025,174.6,8.037412518964047,59.8,2535,ohc,four,1.0295456582712343,2bbl,3.34,0.5364933705145685,0.32526541272790754,4.477336814478207,5000,24,30,1.5868936672361666,8921.0
30,3,dodge coronet custom (sw),gas,turbo,two,hatchback,fwd,front,0.1972474225136772,173.2,8.142481194328912,50.2,2811,ohc,four,1.0317023685849405,mfi,3.6,0.23901690047049992,0.324893375842129,4.976733742420574,5000,19,24,1.5879937946021727,12964.0
31,2,honda civic,gas,std,two,hatchback,fwd,front,0.19724742250169933,144.6,7.993747556684537,50.8,1713,ohc,four,1.0263514960045894,1bbl,2.91,0.5653138090500603,0.3254077305566218,4.060443010546419,4800,49,54,1.585723877418297,6479.0
32,2,honda civic cvcc,gas,std,two,hatchback,fwd,front,0.19724742250169933,144.6,7.993747556684537,50.8,1819,ohc,four,1.0263514960045894,1bbl,2.91,0.5653138090500603,0.325363876971065,4.330733340286331,6000,31,38,1.5859476288932262,6855.0
33,1,honda civic,gas,std,two,hatchback,fwd,front,0.19724742251146885,150.0,8.0,52.6,1837,ohc,four,1.0242312935078826,1bbl,2.91,0.7419373447293773,0.3254530770882631,4.0943445622221,5500,38,42,1.5849438970097571,5399.0
34,1,honda accord cvcc,gas,std,two,hatchback,fwd,front,0.19724742251146885,150.0,8.0,52.6,1940,ohc,four,1.0263514960045894,1bbl,2.91,0.5653138090500603,0.325363876971065,4.330733340286331,6000,30,34,1.5857548379226258,6529.0
35,1,honda civic cvcc,gas,std,two,hatchback,fwd,front,0.19724742251146885,150.0,8.0,52.6,1956,ohc,four,1.0263514960045894,1bbl,2.91,0.5653138090500603,0.325363876971065,4.330733340286331,6000,30,34,1.5860984795429225,7129.0
36,0,honda accord lx,gas,std,four,sedan,fwd,front,0.19724742251422767,163.4,8.0,54.5,2010,ohc,four,1.0263514960045894,1bbl,2.91,0.5653138090500603,0.325363876971065,4.330733340286331,6000,30,34,1.5861853600050781,7295.0
37,0,honda civic 1500 gl,gas,std,four,wagon,fwd,front,0.19724742251422767,157.1,7.993747556684537,58.3,2024,ohc,four,1.0263514960045894,1bbl,2.92,0.5653138090500603,0.325363876971065,4.330733340286331,6000,30,34,1.5861853600050781,7295.0
38,0,honda accord,gas,std,two,hatchback,fwd,front,0.19724742251422767,167.5,8.07465169527454,53.3,2236,ohc,four,1.028473175247771,1bbl,3.15,0.46373401623214006,0.3253388843073544,4.454347296253507,5800,27,33,1.5864743092093532,7895.0
39,0,honda civic 1300,gas,std,two,hatchback,fwd,front,0.19724742251422767,167.5,8.07465169527454,53.3,2289,ohc,four,1.028473175247771,1bbl,3.15,0.46373401623214006,0.3253388843073544,4.454347296253507,5800,27,33,1.5869570721686006,9095.0
40,0,honda prelude,gas,std,four,sedan,fwd,front,0.19724742251422767,175.4,8.07465169527454,54.1,2304,ohc,four,1.028473175247771,1bbl,3.15,0.46373401623214006,0.3253388843073544,4.454347296253507,5800,27,33,1.5868653373698305,8845.0
41,0,honda accord,gas,std,four,sedan,fwd,front,0.19724742251422767,175.4,7.905694150420948,54.1,2372,ohc,four,1.028473175247771,1bbl,3.15,0.46373401623214006,0.3253388843073544,4.454347296253507,5800,27,33,1.587346069943764,10295.0
42,0,honda civic,gas,std,four,sedan,fwd,front,0.19724742251422767,175.4,8.07465169527454,54.1,2465,ohc,four,1.028473175247771,mpfi,3.15,0.46373401623214006,0.3253388843073544,4.61512051684126,5800,24,28,1.5879899628265264,12945.0
43,1,honda civic (auto),gas,std,two,sedan,fwd,front,0.19724742251422767,169.1,8.12403840463596,51.0,2293,ohc,four,1.028473175247771,2bbl,3.15,0.46373401623214006,0.32535166006774713,4.605170185988092,5500,25,31,1.587360670735261,10345.0
44,0,isuzu MU-X,gas,std,four,sedan,rwd,front,0.19724742251210237,170.7,7.861297602813418,53.5,2337,ohc,four,1.028571231507538,2bbl,3.31,0.6626879730752367,0.32526541272790754,4.356708826689592,4800,24,29,1.5859075057525456,6785.0
45,1,isuzu D-Max ,gas,std,two,sedan,fwd,front,0.19724742251230815,155.9,7.974960814950754,52.0,1874,ohc,four,1.0260644426368357,2bbl,3.03,0.7227059828014898,0.3254077305566218,4.248495242049359,5400,38,43,1.5868920007646643,8916.5
46,0,isuzu D-Max V-Cross,gas,std,four,sedan,fwd,front,0.19724742251230815,155.9,7.974960814950754,52.0,1909,ohc,four,1.0260644426368357,2bbl,3.03,0.7227059828014898,0.3254077305566218,4.248495242049359,5400,38,43,1.5868920007646643,8916.5
47,2,isuzu D-Max ,gas,std,two,hatchback,rwd,front,0.1972474225137704,172.6,8.07465169527454,51.4,2734,ohc,four,1.0292974345107653,spfi,3.43,0.6626879730752367,0.325363876971065,4.499809670330265,5000,24,29,1.5875544727652564,11048.0
48,0,jaguar xj,gas,std,four,sedan,rwd,front,0.1972474225236657,199.6,8.342661445845684,52.8,4066,dohc,six,1.0348041841032227,mpfi,3.63,0.0,0.3251926038355387,5.170483995038151,4750,15,19,1.589805829972215,32250.0
49,0,jaguar xf,gas,std,four,sedan,rwd,front,0.1972474225236657,199.6,8.342661445845684,52.8,4066,dohc,six,1.0348041841032227,mpfi,3.63,0.0,0.3251926038355387,5.170483995038151,4750,15,19,1.5899450547984744,35550.0
50,0,jaguar xk,gas,std,two,sedan,rwd,front,0.1972474225184257,191.7,8.402380615040002,47.8,3950,ohcv,twelve,1.035808393323849,mpfi,3.54,0.8796267475025636,0.3255414404853537,5.568344503761097,5000,13,17,1.5899624179490117,36000.0
51,1,maxda rx3,gas,std,two,hatchback,fwd,front,0.19724742251081026,159.1,8.012490249604053,54.1,1890,ohc,four,1.026209516361916,2bbl,3.03,0.7030975114131134,0.3253388843073544,4.219507705176107,5000,30,31,1.5847674059137298,5195.0
52,1,maxda glc deluxe,gas,std,two,hatchback,fwd,front,0.19724742251081026,159.1,8.012490249604053,54.1,1900,ohc,four,1.026209516361916,2bbl,3.03,0.7030975114131134,0.3253388843073544,4.219507705176107,5000,31,38,1.5854724302255787,6095.0
53,1,mazda rx2 coupe,gas,std,two,hatchback,fwd,front,0.19724742251081026,159.1,8.012490249604053,54.1,1905,ohc,four,1.026209516361916,2bbl,3.03,0.7030975114131134,0.3253388843073544,4.219507705176107,5000,31,38,1.5859132788118122,6795.0
54,1,mazda rx-4,gas,std,four,sedan,fwd,front,0.19724742251081026,166.8,8.012490249604053,54.1,1945,ohc,four,1.026209516361916,2bbl,3.03,0.7030975114131134,0.3253388843073544,4.219507705176107,5000,31,38,1.5858549175769823,6695.0
55,1,mazda glc deluxe,gas,std,four,sedan,fwd,front,0.19724742251081026,166.8,8.012490249604053,54.1,1950,ohc,four,1.026209516361916,2bbl,3.08,0.7030975114131134,0.3253388843073544,4.219507705176107,5000,31,38,1.5862361603639323,7395.0
56,3,mazda 626,gas,std,two,hatchback,rwd,front,0.19724742251310537,169.0,8.105553651663778,49.6,2380,rotor,two,1.0223121518138212,4bbl,3.33,0.6497176226326093,0.3253867527956741,4.61512051684126,6000,17,23,1.5875273487100812,10945.0
57,3,mazda glc,gas,std,two,hatchback,rwd,front,0.19724742251310537,169.0,8.105553651663778,49.6,2380,rotor,two,1.0223121518138212,4bbl,3.33,0.6497176226326093,0.3253867527956741,4.61512051684126,6000,17,23,1.5877512551491344,11845.0
58,3,mazda rx-7 gs,gas,std,two,hatchback,rwd,front,0.19724742251310537,169.0,8.105553651663778,49.6,2385,rotor,two,1.0223121518138212,4bbl,3.33,0.6497176226326093,0.3253867527956741,4.61512051684126,6000,17,23,1.5881253614815014,13645.0
59,3,mazda glc 4,gas,std,two,hatchback,rwd,front,0.19724742251310537,169.0,8.105553651663778,49.6,2500,rotor,two,1.0244183624959138,mpfi,3.33,0.6497176226326093,0.3253867527956741,4.90527477843843,6000,16,23,1.5884567960323246,15645.0
60,1,mazda 626,gas,std,two,hatchback,fwd,front,0.1972474225161565,177.8,8.154753215150045,53.7,2385,ohc,four,1.0295456582712343,2bbl,3.39,0.5766133643039937,0.32528151371250086,4.430816798843313,4800,26,32,1.5868653373698305,8845.0
61,0,mazda glc custom l,gas,std,four,sedan,fwd,front,0.1972474225161565,177.8,8.154753215150045,55.5,2410,ohc,four,1.0295456582712343,2bbl,3.39,0.5766133643039937,0.32528151371250086,4.430816798843313,4800,26,32,1.5867295746888135,8495.0
62,1,mazda glc custom,gas,std,two,hatchback,fwd,front,0.1972474225161565,177.8,8.154753215150045,53.7,2385,ohc,four,1.0295456582712343,2bbl,3.39,0.5766133643039937,0.32528151371250086,4.430816798843313,4800,26,32,1.5874319865052344,10595.0
63,0,mazda rx-4,gas,std,four,sedan,fwd,front,0.1972474225161565,177.8,8.154753215150045,55.5,2410,ohc,four,1.0295456582712343,2bbl,3.39,0.5766133643039937,0.32528151371250086,4.430816798843313,4800,26,32,1.5873313532432292,10245.0
64,0,mazda glc deluxe,diesel,std,four,sedan,fwd,front,0.1972474225161565,177.8,8.154753215150045,55.5,2443,ohc,four,1.0295456582712343,idi,3.39,0.5766133643039937,0.32569953407995395,4.1588830833596715,4650,36,42,1.5874870957701854,10795.0
65,0,mazda 626,gas,std,four,hatchback,fwd,front,0.1972474225161565,177.8,8.154753215150045,55.5,2425,ohc,four,1.0295456582712343,2bbl,3.39,0.5766133643039937,0.32528151371250086,4.430816798843313,4800,26,32,1.5876052210440526,11245.0
66,0,mazda glc,gas,std,four,sedan,rwd,front,0.19724742252013983,175.0,8.130190649671137,54.4,2670,ohc,four,1.0308154692459077,mpfi,3.76,0.6981347220709843,0.325172027191599,4.787491742782046,5000,19,27,1.588800910273483,18280.0
67,0,mazda rx-7 gs,diesel,std,four,sedan,rwd,front,0.19724742252013983,175.0,8.130190649671137,54.4,2700,ohc,four,1.0304293908141533,idi,3.43,0.425267735404344,0.32569727586622854,4.276666119016055,4200,31,39,1.5888082571380806,18344.0
68,-1,buick electra 225 custom,diesel,turbo,four,sedan,rwd,front,0.19724742252254063,190.9,8.384509526501834,56.5,3515,ohc,five,1.0328531741957463,idi,3.58,0.425267735404344,0.32569547463449783,4.812184355372417,4350,22,25,1.5894365091652005,25552.0
69,-1,buick century luxus (sw),diesel,turbo,four,wagon,rwd,front,0.19724742252254063,190.9,8.384509526501834,58.7,3750,ohc,five,1.0328531741957463,idi,3.58,0.425267735404344,0.32569547463449783,4.812184355372417,4350,22,25,1.5896022781535875,28248.0
70,0,buick century,diesel,turbo,two,hardtop,rwd,front,0.19724742252106736,187.5,8.384509526501834,54.9,3495,ohc,five,1.0328531741957463,idi,3.58,0.425267735404344,0.32569547463449783,4.812184355372417,4350,22,25,1.589598188689255,28176.0
71,-1,buick skyhawk,diesel,turbo,four,sedan,rwd,front,0.1972474225245042,202.6,8.46758525200662,56.3,3770,ohc,five,1.0328531741957463,idi,3.58,0.425267735404344,0.32569547463449783,4.812184355372417,4350,22,25,1.5897756404829433,31600.0
72,-1,buick opel isuzu deluxe,gas,std,four,sedan,rwd,front,0.1972474225245042,202.6,8.46758525200662,56.5,3740,ohcv,eight,1.0343134633561848,mpfi,3.46,0.7275486072772777,0.325230792554563,5.043425116919247,4750,16,18,1.5898900816071857,34184.0
73,3,buick skylark,gas,std,two,convertible,rwd,front,0.19724742251431743,180.3,8.396427811873332,50.8,3685,ohcv,eight,1.0343134633561848,mpfi,3.46,0.7275486072772777,0.325230792554563,5.043425116919247,4750,16,18,1.5899255771422984,35056.0
74,0,buick century special,gas,std,four,sedan,rwd,front,0.19724742252589864,208.1,8.46758525200662,56.7,3900,ohcv,eight,1.0355849339380814,mpfi,3.8,0.5988365010887039,0.325172027191599,5.214935757608986,4500,14,16,1.5901328835907036,40960.0
75,1,buick regal sport coupe (turbo),gas,std,two,hardtop,rwd,front,0.19724742252331087,199.2,8.48528137423857,55.4,3715,ohcv,eight,1.035531753283168,mpfi,3.8,0.5988365010887039,0.325172027191599,5.214935757608986,4500,14,16,1.5902592371047393,45400.0
76,1,mercury cougar,gas,turbo,two,hatchback,rwd,front,0.1972474225188666,178.4,8.246211251235321,54.8,2910,ohc,four,1.0308154692459077,mpfi,3.78,0.7178397931503168,0.325172027191599,5.1647859739235145,5000,19,24,1.5885786382240699,16503.0
77,2,mitsubishi mirage,gas,std,two,hatchback,fwd,front,0.19724742251146885,157.3,8.024961059095553,50.8,1918,ohc,four,1.0263514960045894,2bbl,2.97,0.6626879730752367,0.3253867527956741,4.219507705176107,5500,37,41,1.5849354995644522,5389.0
78,2,mitsubishi lancer,gas,std,two,hatchback,fwd,front,0.19724742251146885,157.3,8.024961059095553,50.8,1944,ohc,four,1.0263514960045894,2bbl,2.97,0.6626879730752367,0.3253867527956741,4.219507705176107,5500,31,38,1.5855363258298536,6189.0
79,2,mitsubishi outlander,gas,std,two,hatchback,fwd,front,0.19724742251146885,157.3,8.024961059095553,50.8,2004,ohc,four,1.0263514960045894,2bbl,2.97,0.6626879730752367,0.3253867527956741,4.219507705176107,5500,31,38,1.5858395106086758,6669.0
80,1,mitsubishi g4,gas,turbo,two,hatchback,fwd,front,0.19724742251069796,157.3,7.987490219086343,50.8,2145,ohc,four,1.0271436382509427,spdi,3.03,0.5766133643039937,0.3250782440370009,4.624972813284271,5500,24,30,1.5863792483223977,7689.0
81,3,mitsubishi mirage g4,gas,turbo,two,hatchback,fwd,front,0.19724742251404648,173.0,8.087026647662292,49.4,2370,ohc,four,1.028473175247771,spdi,3.17,0.5364933705145685,0.3250515305578951,4.7535901911063645,5500,23,30,1.5872448706339348,9959.0
82,3,mitsubishi g4,gas,std,two,hatchback,fwd,front,0.19724742251404648,173.0,8.087026647662292,49.4,2328,ohc,four,1.0295456582712343,2bbl,3.35,0.5364933705145685,0.32526541272790754,4.477336814478207,5000,25,32,1.5867311775560033,8499.0
83,3,mitsubishi outlander,gas,turbo,two,hatchback,fwd,front,0.1972474225136772,173.2,8.142481194328912,50.2,2833,ohc,four,1.0317023685849405,spdi,3.58,0.2700271372130602,0.324893375842129,4.976733742420574,5000,19,24,1.5879248625888618,12629.0
84,3,mitsubishi g4,gas,turbo,two,hatchback,fwd,front,0.1972474225136772,173.2,8.142481194328912,50.2,2921,ohc,four,1.0317023685849405,spdi,3.59,0.2700271372130602,0.324893375842129,4.976733742420574,5000,19,24,1.5883368362437829,14869.0
85,3,mitsubishi mirage g4,gas,turbo,two,hatchback,fwd,front,0.1972474225136772,173.2,8.142481194328912,50.2,2926,ohc,four,1.0317023685849405,spdi,3.59,0.2700271372130602,0.324893375842129,4.976733742420574,5000,19,24,1.5882743022201617,14489.0
86,1,mitsubishi montero,gas,std,four,sedan,fwd,front,0.19724742251404648,172.4,8.087026647662292,51.6,2365,ohc,four,1.0295456582712343,2bbl,3.35,0.5364933705145685,0.32526541272790754,4.477336814478207,5000,25,32,1.5860226055278035,6989.0
87,1,mitsubishi pajero,gas,std,four,sedan,fwd,front,0.19724742251404648,172.4,8.087026647662292,51.6,2405,ohc,four,1.0295456582712343,2bbl,3.35,0.5364933705145685,0.32526541272790754,4.477336814478207,5000,25,32,1.5866031941021081,8189.0
88,1,mitsubishi outlander,gas,turbo,four,sedan,fwd,front,0.19724742251404648,172.4,8.087026647662292,51.6,2403,ohc,four,1.028473175247771,spdi,3.17,0.5364933705145685,0.3250515305578951,4.7535901911063645,5500,23,30,1.5870220075334522,9279.0
89,-1,mitsubishi mirage g4,gas,std,four,sedan,fwd,front,0.19724742251404648,172.4,8.087026647662292,51.6,2403,ohc,four,1.028473175247771,spdi,3.17,0.5364933705145685,0.3250515305578951,4.7535901911063645,5500,23,30,1.5870220075334522,9279.0
90,1,Nissan versa,gas,std,two,sedan,fwd,front,0.19724742251230815,165.3,7.987490219086343,54.5,1889,ohc,four,1.0270182915095782,2bbl,3.15,0.6312717768418578,0.3253867527956741,4.23410650459726,5200,31,37,1.585026500783689,5499.0
91,1,nissan gt-r,diesel,std,two,sedan,fwd,front,0.19724742251230815,165.3,7.987490219086343,54.5,2017,ohc,four,1.0277345369749815,idi,2.99,0.5306282510621703,0.3256969289455,4.007333185232471,4800,45,50,1.5860824260526885,7099.0
92,1,nissan rogue,gas,std,two,sedan,fwd,front,0.19724742251230815,165.3,7.987490219086343,54.5,1918,ohc,four,1.0270182915095782,2bbl,3.15,0.6312717768418578,0.3253867527956741,4.23410650459726,5200,31,37,1.5858275923901728,6649.0
93,1,nissan latio,gas,std,four,sedan,fwd,front,0.19724742251230815,165.3,7.987490219086343,54.5,1938,ohc,four,1.0270182915095782,2bbl,3.15,0.6312717768418578,0.3253867527956741,4.23410650459726,5200,31,37,1.5859442159412445,6849.0
94,1,nissan titan,gas,std,four,wagon,fwd,front,0.19724742251230815,170.2,7.987490219086343,53.5,2024,ohc,four,1.0270182915095782,2bbl,3.15,0.6312717768418578,0.3253867527956741,4.23410650459726,5200,31,37,1.586212931985951,7349.0
95,1,nissan leaf,gas,std,two,sedan,fwd,front,0.19724742251230815,165.3,7.987490219086343,54.5,1951,ohc,four,1.0270182915095782,2bbl,3.15,0.6312717768418578,0.3253867527956741,4.23410650459726,5200,31,37,1.5861874137586327,7299.0
96,1,nissan juke,gas,std,two,hatchback,fwd,front,0.19724742251230815,165.6,7.987490219086343,53.3,2028,ohc,four,1.0270182915095782,2bbl,3.15,0.6312717768418578,0.3253867527956741,4.23410650459726,5200,31,37,1.5864305176883327,7799.0
97,1,nissan latio,gas,std,four,sedan,fwd,front,0.19724742251230815,165.3,7.987490219086343,54.5,1971,ohc,four,1.0270182915095782,2bbl,3.15,0.6312717768418578,0.3253867527956741,4.23410650459726,5200,31,37,1.5862878197677717,7499.0
98,1,nissan note,gas,std,four,wagon,fwd,front,0.19724742251230815,170.2,7.987490219086343,53.5,2037,ohc,four,1.0270182915095782,2bbl,3.15,0.6312717768418578,0.3253867527956741,4.23410650459726,5200,31,37,1.5865207821419196,7999.0
99,2,nissan clipper,gas,std,two,hardtop,fwd,front,0.19724742251290986,162.4,7.987490219086343,53.3,2008,ohc,four,1.0270182915095782,2bbl,3.15,0.6312717768418578,0.3253867527956741,4.23410650459726,5200,31,37,1.5866285753635725,8249.0
100,0,nissan rogue,gas,std,four,hatchback,fwd,front,0.19724742251484423,173.4,8.07465169527454,54.7,2324,ohc,four,1.0293815283305232,2bbl,3.33,0.5306282510621703,0.32526541272790754,4.574710978503383,5200,27,34,1.5869040057245352,8949.0
101,0,nissan nv200,gas,std,four,sedan,fwd,front,0.19724742251484423,173.4,8.07465169527454,54.7,2302,ohc,four,1.0293815283305232,2bbl,3.33,0.5306282510621703,0.32526541272790754,4.574710978503383,5200,27,34,1.5871135876995046,9549.0
102,0,nissan dayz,gas,std,four,sedan,fwd,front,0.19724742251734595,181.7,8.154753215150045,55.1,3095,ohcv,six,1.0327794884009156,mpfi,3.43,0.6418538861723947,0.3253388843073544,5.0238805208462765,5200,17,22,1.5880980664800441,13499.0
103,0,nissan fuga,gas,std,four,wagon,fwd,front,0.19724742251734595,184.6,8.154753215150045,56.1,3296,ohcv,six,1.0327794884009156,mpfi,3.43,0.6418538861723947,0.3253388843073544,5.0238805208462765,5200,17,22,1.5882590989292802,14399.0
104,0,nissan otti,gas,std,four,sedan,fwd,front,0.19724742251734595,184.6,8.154753215150045,55.1,3060,ohcv,six,1.0327794884009156,mpfi,3.43,0.6418538861723947,0.3253388843073544,5.0238805208462765,5200,19,25,1.5880980664800441,13499.0
105,3,nissan teana,gas,std,two,hatchback,rwd,front,0.19724742250867186,170.7,8.240145629781066,49.7,3071,ohcv,six,1.0327794884009156,mpfi,3.43,0.6418538861723947,0.3253388843073544,5.075173815233827,5200,19,25,1.5886701448697234,17199.0
106,3,nissan kicks,gas,turbo,two,hatchback,rwd,front,0.19724742250867186,170.7,8.240145629781066,49.7,3139,ohcv,six,1.0327794884009156,mpfi,3.43,0.6418538861723947,0.3251275810485461,5.298317366548036,5200,17,23,1.5889546013629694,19699.0
107,1,nissan clipper,gas,std,two,hatchback,rwd,front,0.19724742251646485,178.5,8.240145629781066,49.7,3139,ohcv,six,1.0327794884009156,mpfi,3.43,0.6418538861723947,0.3253388843073544,5.075173815233827,5200,19,25,1.5888145375885971,18399.0
108,0,peugeot 504,gas,std,four,sedan,rwd,front,0.19724742252163488,186.7,8.270429251254134,56.7,3020,l,four,1.0293815283305232,mpfi,3.46,0.6830968447064438,0.32524852195738857,4.574710978503383,5000,19,24,1.587764039535378,11900.0
109,0,peugeot 304,diesel,turbo,four,sedan,rwd,front,0.19724742252163488,186.7,8.270429251254134,56.7,3197,l,four,1.0314978196980282,idi,3.7,0.5007752879124892,0.3256934945288483,4.553876891600541,4150,28,33,1.5880406390886068,13200.0
110,0,peugeot 504 (sw),gas,std,four,wagon,rwd,front,0.1972474225240671,198.9,8.270429251254134,58.7,3230,l,four,1.0293815283305232,mpfi,3.46,0.6830968447064438,0.32524852195738857,4.574710978503383,5000,19,24,1.5878846437545482,12440.0
111,0,peugeot 504,diesel,turbo,four,wagon,rwd,front,0.1972474225240671,198.9,8.270429251254134,58.7,3430,l,four,1.0314978196980282,idi,3.7,0.5007752879124892,0.3256934945288483,4.553876891600541,4150,25,25,1.588164701728543,13860.0
112,0,peugeot 504,gas,std,four,sedan,rwd,front,0.19724742252163488,186.7,8.270429251254134,56.7,3075,l,four,1.0293815283305232,mpfi,3.46,1.091923300517313,0.32524852195738857,4.553876891600541,5000,19,24,1.5884471221206107,15580.0
113,0,peugeot 604sl,diesel,turbo,four,sedan,rwd,front,0.19724742252163488,186.7,8.270429251254134,56.7,3252,l,four,1.0314978196980282,idi,3.7,0.5007752879124892,0.3256934945288483,4.553876891600541,4150,28,33,1.5886315858560103,16900.0
114,0,peugeot 504,gas,std,four,wagon,rwd,front,0.1972474225240671,198.9,8.270429251254134,56.7,3285,l,four,1.0293815283305232,mpfi,3.46,1.091923300517313,0.32524852195738857,4.553876891600541,5000,19,24,1.5886045010890306,16695.0
115,0,peugeot 505s turbo diesel,diesel,turbo,four,wagon,rwd,front,0.1972474225240671,198.9,8.270429251254134,58.7,3485,l,four,1.0314978196980282,idi,3.7,0.5007752879124892,0.3256934945288483,4.553876891600541,4150,25,25,1.5886542872796638,17075.0
116,0,peugeot 504,gas,std,four,sedan,rwd,front,0.19724742252163488,186.7,8.270429251254134,56.7,3075,l,four,1.0293815283305232,mpfi,3.46,0.6830968447064438,0.32524852195738857,4.574710978503383,5000,19,24,1.5885957998753466,16630.0
117,0,peugeot 504,diesel,turbo,four,sedan,rwd,front,0.19724742252163488,186.7,8.270429251254134,56.7,3252,l,four,1.0314978196980282,idi,3.7,0.5007752879124892,0.3256934945288483,4.553876891600541,4150,28,33,1.588762352800218,17950.0
118,0,peugeot 604sl,gas,turbo,four,sedan,rwd,front,0.19724742252168048,186.7,8.264381404557755,56.0,3130,l,four,1.0304293908141533,mpfi,3.61,0.6729444732424258,0.324893375842129,4.955827057601261,5600,18,24,1.5887858572496085,18150.0
119,1,plymouth fury iii,gas,std,two,hatchback,fwd,front,0.19724742251146885,157.3,7.987490219086343,50.8,1918,ohc,four,1.0260644426368357,2bbl,2.97,0.6626879730752367,0.3253867527956741,4.219507705176107,5500,37,41,1.585085273259639,5572.0
120,1,plymouth cricket,gas,turbo,two,hatchback,fwd,front,0.19724742251146885,157.3,7.987490219086343,50.8,2128,ohc,four,1.0271436382509427,spdi,3.03,0.5766133643039937,0.3250782440370009,4.624972813284271,5500,24,30,1.5865021332889508,7957.0
121,1,plymouth fury iii,gas,std,four,hatchback,fwd,front,0.19724742251146885,157.3,7.987490219086343,50.6,1967,ohc,four,1.0260644426368357,2bbl,2.97,0.6626879730752367,0.3253867527956741,4.219507705176107,5500,31,38,1.5855630384770054,6229.0
122,1,plymouth satellite custom (sw),gas,std,four,sedan,fwd,front,0.19724742251146885,167.3,7.987490219086343,50.8,1989,ohc,four,1.0260644426368357,2bbl,2.97,0.6626879730752367,0.3253867527956741,4.219507705176107,5500,31,38,1.5858531448245325,6692.0
123,1,plymouth fury gran sedan,gas,std,four,sedan,fwd,front,0.19724742251146885,167.3,7.987490219086343,50.8,2191,ohc,four,1.0271436382509427,2bbl,2.97,0.6626879730752367,0.3253867527956741,4.219507705176107,5500,31,38,1.5863412052379138,7609.0
124,-1,plymouth valiant,gas,std,four,wagon,fwd,front,0.19724742251923025,174.6,8.037412518964047,59.8,2535,ohc,four,1.0295456582712343,2bbl,3.35,0.5364933705145685,0.32526541272790754,4.477336814478207,5000,24,30,1.5868936672361666,8921.0
125,3,plymouth duster,gas,turbo,two,hatchback,rwd,front,0.1972474225136772,173.2,8.142481194328912,50.2,2818,ohc,four,1.0317023685849405,spdi,3.59,0.2700271372130602,0.324893375842129,4.976733742420574,5000,19,24,1.587952995377409,12764.0
126,3,porsche macan,gas,std,two,hatchback,rwd,front,0.19724742251230815,168.9,8.264381404557755,50.2,2778,ohc,four,1.0314450220045022,mpfi,3.94,0.7227059828014898,0.3253974663429546,4.962844630259907,5500,19,27,1.5891704338171118,22018.0
127,3,porcshce panamera,gas,std,two,hardtop,rwd,rear,0.1972474225062615,168.9,8.06225774829855,51.6,2756,ohcf,six,1.0332317869055498,mpfi,3.74,0.8197798314933114,0.3253974663429546,5.332718793265369,5900,17,25,1.5898184412248233,32528.0
128,3,porsche cayenne,gas,std,two,hardtop,rwd,rear,0.1972474225062615,168.9,8.06225774829855,51.6,2756,ohcf,six,1.0332317869055498,mpfi,3.74,0.8197798314933114,0.3253974663429546,5.332718793265369,5900,17,25,1.5898835756560186,34028.0
129,3,porsche boxter,gas,std,two,convertible,rwd,rear,0.1972474225062615,168.9,8.06225774829855,51.6,2800,ohcf,six,1.0332317869055498,mpfi,3.74,0.8197798314933114,0.3253974663429546,5.332718793265369,5900,17,25,1.5900007887861327,37028.0
130,1,porsche cayenne,gas,std,two,hatchback,rwd,front,0.19724742251584051,175.7,8.502940667792526,50.5,3366,dohcv,eight,1.0335115972360598,mpfi,3.94,0.7227059828014898,0.3254447380250489,5.662960480135946,5750,17,28,1.5897661709903217,31400.5
131,0,renault 12tl,gas,std,four,wagon,fwd,front,0.19724742251386299,181.5,8.154753215150045,55.2,2579,ohc,four,1.0302930512934905,mpfi,3.46,0.23901690047049992,0.32529687039009236,4.499809670330265,5100,23,31,1.5870275550399444,9295.0
132,2,renault 5 gtl,gas,std,two,hatchback,fwd,front,0.19724742251386299,176.8,8.160882305241266,50.5,2460,ohc,four,1.0302930512934905,mpfi,3.46,0.23901690047049992,0.32529687039009236,4.499809670330265,5100,23,31,1.5872249620696444,9895.0
133,3,saab 99e,gas,std,two,hatchback,fwd,front,0.19724742251638847,186.6,8.154753215150045,56.1,2658,ohc,four,1.02946425854777,mpfi,3.54,0.7419373447293773,0.32537670598475554,4.700480365792417,5250,21,28,1.5877524213570762,11850.0
134,2,saab 99le,gas,std,four,sedan,fwd,front,0.19724742251638847,186.6,8.154753215150045,56.1,2695,ohc,four,1.02946425854777,mpfi,3.54,0.7419373447293773,0.3253755651456315,4.700480365792417,5250,21,28,1.587825430748336,12170.0
135,3,saab 99le,gas,std,two,hatchback,fwd,front,0.19724742251638847,186.6,8.154753215150045,56.1,2707,ohc,four,1.02946425854777,mpfi,2.54,1.1314021114911006,0.3253755651456315,4.700480365792417,5250,21,28,1.5883641347995432,15040.0
136,2,saab 99gle,gas,std,four,sedan,fwd,front,0.19724742251638847,186.6,8.154753215150045,56.1,2758,ohc,four,1.02946425854777,mpfi,3.54,0.7419373447293773,0.3253755651456315,4.700480365792417,5250,21,28,1.5884366303054325,15510.0
137,3,saab 99gle,gas,turbo,two,hatchback,fwd,front,0.19724742251638847,186.6,8.154753215150045,56.1,2808,dohc,four,1.02946425854777,mpfi,3.54,0.7419373447293773,0.3253388843073544,5.075173815233827,5500,19,26,1.5887858572496085,18150.0
138,2,saab 99e,gas,turbo,four,sedan,fwd,front,0.19724742251638847,186.6,8.154753215150045,56.1,2847,dohc,four,1.02946425854777,mpfi,3.54,0.7419373447293773,0.3253388843073544,5.075173815233827,5500,19,26,1.5888394685685325,18620.0
139,2,subaru,gas,std,two,hatchback,fwd,front,0.19724742251146885,156.9,7.962411694957753,53.7,2050,ohcf,four,1.0270182915095782,2bbl,3.62,1.0331844833456545,0.3253388843073544,4.23410650459726,4900,31,36,1.5846978244550693,5118.0
140,2,subaru dl,gas,std,two,hatchback,fwd,front,0.19724742251146885,157.9,7.974960814950754,53.7,2120,ohcf,four,1.028271720953814,2bbl,3.62,0.9282193027394288,0.32529687039009236,4.290459441148391,4400,26,31,1.5860575950123041,7053.0
141,2,subaru dl,gas,std,two,hatchback,4wd,front,0.19724742251103267,157.3,7.987490219086343,55.7,2240,ohcf,four,1.028271720953814,2bbl,3.62,0.9282193027394288,0.32529687039009236,4.290459441148391,4400,26,31,1.586338325753984,7603.0
142,0,subaru,gas,std,four,sedan,fwd,front,0.19724742251484423,172.0,8.087026647662292,52.5,2145,ohcf,four,1.028271720953814,2bbl,3.62,0.9282193027394288,0.3253974663429546,4.406719247264253,4800,32,37,1.5860968791463967,7126.0
143,0,subaru brz,gas,std,four,sedan,fwd,front,0.19724742251484423,172.0,8.087026647662292,52.5,2190,ohcf,four,1.028271720953814,2bbl,3.62,0.9282193027394288,0.3253974663429546,4.406719247264253,4400,28,33,1.5864194324162453,7775.0
144,0,subaru baja,gas,std,four,sedan,fwd,front,0.19724742251484423,172.0,8.087026647662292,52.5,2340,ohcf,four,1.028271720953814,mpfi,3.62,0.9282193027394288,0.3253388843073544,4.543294782270004,5200,26,32,1.5872451800520007,9960.0
145,0,subaru r1,gas,std,four,sedan,4wd,front,0.1972474225146708,172.0,8.087026647662292,54.3,2385,ohcf,four,1.028271720953814,2bbl,3.62,0.9282193027394288,0.3253388843073544,4.406719247264253,4800,24,25,1.5870059713326277,9233.0
146,0,subaru r2,gas,turbo,four,sedan,4wd,front,0.1972474225146708,172.0,8.087026647662292,54.3,2510,ohcf,four,1.028271720953814,mpfi,3.62,0.9282193027394288,0.3251035644165689,4.709530201312334,4800,24,29,1.5876087724330992,11259.0
147,0,subaru trezia,gas,std,four,wagon,fwd,front,0.1972474225146708,173.5,8.087026647662292,53.0,2290,ohcf,four,1.028271720953814,2bbl,3.62,0.9282193027394288,0.3253388843073544,4.406719247264253,4800,28,32,1.5862700703378212,7463.0
148,0,subaru tribeca,gas,std,four,wagon,fwd,front,0.1972474225146708,173.5,8.087026647662292,53.0,2455,ohcf,four,1.028271720953814,mpfi,3.62,0.9282193027394288,0.3253388843073544,4.543294782270004,5200,25,31,1.5873174125254859,10198.0
149,0,subaru dl,gas,std,four,wagon,4wd,front,0.1972474225145833,173.6,8.087026647662292,54.9,2420,ohcf,four,1.028271720953814,2bbl,3.62,0.9282193027394288,0.3253388843073544,4.406719247264253,4800,23,29,1.5865269630423624,8013.0
150,0,subaru dl,gas,turbo,four,wagon,4wd,front,0.1972474225145833,173.6,8.087026647662292,54.9,2650,ohcf,four,1.028271720953814,mpfi,3.62,0.9282193027394288,0.3251035644165689,4.709530201312334,4800,23,23,1.5877156538250061,11694.0
151,1,toyota corona mark ii,gas,std,two,hatchback,fwd,front,0.19724742251348898,158.7,7.974960814950754,54.5,1985,ohc,four,1.0263514960045894,2bbl,3.05,0.7608058290337602,0.3253388843073544,4.127134385045092,4800,35,39,1.5849008030494016,5348.0
152,1,toyota corona,gas,std,two,hatchback,fwd,front,0.19724742251348898,158.7,7.974960814950754,54.5,2040,ohc,four,1.0263514960045894,2bbl,3.05,0.7608058290337602,0.3253388843073544,4.127134385045092,4800,31,38,1.5856344338599182,6338.0
153,1,toyota corolla 1200,gas,std,four,hatchback,fwd,front,0.19724742251348898,158.7,7.974960814950754,54.5,2015,ohc,four,1.0263514960045894,2bbl,3.05,0.7608058290337602,0.3253388843073544,4.127134385045092,4800,31,38,1.5857294789684953,6488.0
154,0,toyota corona hardtop,gas,std,four,wagon,fwd,front,0.19724742251348898,169.7,7.974960814950754,59.1,2280,ohc,four,1.0263514960045894,2bbl,3.05,0.7608058290337602,0.3253388843073544,4.127134385045092,4800,31,37,1.5859831735832859,6918.0
155,0,toyota corolla 1600 (sw),gas,std,four,wagon,4wd,front,0.19724742251348898,169.7,7.974960814950754,59.1,2290,ohc,four,1.0263514960045894,2bbl,3.05,0.7608058290337602,0.3253388843073544,4.127134385045092,4800,27,32,1.5864756637193236,7898.0
156,0,toyota carina,gas,std,four,wagon,4wd,front,0.19724742251348898,169.7,7.974960814950754,59.1,3110,ohc,four,1.0263514960045894,2bbl,3.05,0.7608058290337602,0.3253388843073544,4.127134385045092,4800,27,32,1.5868400316433136,8778.0
157,0,toyota mark ii,gas,std,four,sedan,fwd,front,0.19724742251348898,166.3,8.024961059095553,53.0,2081,ohc,four,1.0271436382509427,2bbl,3.19,0.7608058290337602,0.3253388843073544,4.248495242049359,4800,30,37,1.5859943476213703,6938.0
158,0,toyota corolla 1200,gas,std,four,hatchback,fwd,front,0.19724742251348898,166.3,8.024961059095553,52.8,2109,ohc,four,1.0271436382509427,2bbl,3.19,0.7608058290337602,0.3253388843073544,4.248495242049359,4800,30,37,1.5861349885734568,7198.0
159,0,toyota corona,diesel,std,four,sedan,fwd,front,0.19724742251348898,166.3,8.024961059095553,53.0,2275,ohc,four,1.028473175247771,idi,3.27,0.5988365010887039,0.32569891791414757,4.02535169073515,4500,34,36,1.5864756637193236,7898.0
160,0,toyota corolla,diesel,std,four,hatchback,fwd,front,0.19724742251348898,166.3,8.024961059095553,52.8,2275,ohc,four,1.028473175247771,idi,3.27,0.5988365010887039,0.32569891791414757,4.02535169073515,4500,38,47,1.5864254438425849,7788.0
161,0,toyota corona,gas,std,four,sedan,fwd,front,0.19724742251348898,166.3,8.024961059095553,53.0,2094,ohc,four,1.0271436382509427,2bbl,3.19,0.7608058290337602,0.3253388843073544,4.248495242049359,4800,38,47,1.5864022330386487,7738.0
162,0,toyota corolla,gas,std,four,hatchback,fwd,front,0.19724742251348898,166.3,8.024961059095553,52.8,2122,ohc,four,1.0271436382509427,2bbl,3.19,0.7608058290337602,0.3253388843073544,4.248495242049359,4800,28,34,1.5866739241207977,8358.0
163,0,toyota mark ii,gas,std,four,sedan,fwd,front,0.19724742251348898,166.3,8.024961059095553,52.8,2140,ohc,four,1.0271436382509427,2bbl,3.19,0.7608058290337602,0.3253388843073544,4.248495242049359,4800,28,34,1.5870147027524082,9258.0
164,1,toyota corolla liftback,gas,std,two,sedan,rwd,front,0.19724742251230815,168.7,8.0,52.6,2169,ohc,four,1.0271436382509427,2bbl,3.19,0.7608058290337602,0.3253388843073544,4.248495242049359,4800,29,34,1.5865467117123353,8058.0
165,1,toyota corona,gas,std,two,hatchback,rwd,front,0.19724742251230815,168.7,8.0,52.6,2204,ohc,four,1.0271436382509427,2bbl,3.19,0.7608058290337602,0.3253388843073544,4.248495242049359,4800,29,34,1.5866239446694883,8238.0
166,1,toyota celica gt liftback,gas,std,two,sedan,rwd,front,0.19724742251230815,168.7,8.0,52.6,2265,dohc,four,1.0271436382509427,mpfi,3.24,0.7371640659767196,0.3253867527956741,4.718498871295094,6600,26,29,1.5870285934669066,9298.0
167,1,toyota corolla tercel,gas,std,two,hatchback,rwd,front,0.19724742251230815,168.7,8.0,52.6,2300,dohc,four,1.0271436382509427,mpfi,3.24,0.7371640659767196,0.3253867527956741,4.718498871295094,6600,26,29,1.587109939264929,9538.0
168,2,toyota corona liftback,gas,std,two,hardtop,rwd,front,0.19724742251584051,176.2,8.099382692526634,52.0,2540,ohc,four,1.0311703973293933,mpfi,3.62,0.5128236264286637,0.3253755651456315,4.7535901911063645,4800,24,30,1.5867110529799582,8449.0
169,2,toyota corolla,gas,std,two,hardtop,rwd,front,0.19724742251584051,176.2,8.099382692526634,52.0,2536,ohc,four,1.0311703973293933,mpfi,3.62,0.5128236264286637,0.3253755651456315,4.7535901911063645,4800,24,30,1.5871431835944625,9639.0
170,2,toyota starlet,gas,std,two,hatchback,rwd,front,0.19724742251584051,176.2,8.099382692526634,52.0,2551,ohc,four,1.0311703973293933,mpfi,3.62,0.5128236264286637,0.3253755651456315,4.7535901911063645,4800,24,30,1.5872541312302741,9989.0
171,2,toyota tercel,gas,std,two,hardtop,rwd,front,0.19724742251584051,176.2,8.099382692526634,52.0,2679,ohc,four,1.0311703973293933,mpfi,3.62,0.5128236264286637,0.3253755651456315,4.7535901911063645,4800,24,30,1.5875935013325437,11199.0
172,2,toyota corolla,gas,std,two,hatchback,rwd,front,0.19724742251584051,176.2,8.099382692526634,52.0,2714,ohc,four,1.0311703973293933,mpfi,3.62,0.5128236264286637,0.3253755651456315,4.7535901911063645,4800,24,30,1.5876807555335606,11549.0
173,2,toyota cressida,gas,std,two,convertible,rwd,front,0.19724742251584051,176.2,8.099382692526634,53.0,2975,ohc,four,1.0311703973293933,mpfi,3.62,0.5128236264286637,0.3253755651456315,4.7535901911063645,4800,24,30,1.588728599166924,17669.0
174,-1,toyota corolla,gas,std,four,sedan,fwd,front,0.19724742251867988,175.6,8.154753215150045,54.9,2326,ohc,four,1.0295456582712343,mpfi,3.31,0.4885800148186709,0.32529687039009236,4.5217885770490405,4200,29,34,1.5869036373999201,8948.0
175,-1,toyota celica gt,diesel,turbo,four,sedan,fwd,front,0.19724742251867988,175.6,8.154753215150045,54.9,2480,ohc,four,1.028473175247771,idi,3.27,0.5988365010887039,0.32569891791414757,4.290459441148391,4500,30,33,1.5874605772675912,10698.0
176,-1,toyota corona,gas,std,four,hatchback,fwd,front,0.19724742251867988,175.6,8.154753215150045,53.9,2414,ohc,four,1.0295456582712343,mpfi,3.31,0.4885800148186709,0.32529687039009236,4.5217885770490405,4200,27,32,1.5872538232734537,9988.0
177,-1,toyota corolla,gas,std,four,sedan,fwd,front,0.19724742251867988,175.6,8.154753215150045,54.9,2414,ohc,four,1.0295456582712343,mpfi,3.31,0.4885800148186709,0.32529687039009236,4.5217885770490405,4200,27,32,1.5875148331912874,10898.0
178,-1,toyota mark ii,gas,std,four,hatchback,fwd,front,0.19724742251867988,175.6,8.154753215150045,53.9,2458,ohc,four,1.0295456582712343,mpfi,3.31,0.4885800148186709,0.32529687039009236,4.5217885770490405,4200,27,32,1.5876059826618003,11248.0
179,3,toyota corolla liftback,gas,std,two,hatchback,rwd,front,0.19724742251898925,183.5,8.228000972289685,52.0,2976,dohc,six,1.0323857199012576,mpfi,3.27,0.5988365010887039,0.3253755651456315,5.081404364984463,5200,20,24,1.58858609674166,16558.0
180,3,toyota corona,gas,std,two,hatchback,rwd,front,0.19724742251898925,183.5,8.228000972289685,52.0,3016,dohc,six,1.0323857199012576,mpfi,3.27,0.5988365010887039,0.3253755651456315,5.081404364984463,5200,19,24,1.5885082120186511,15998.0
181,-1,toyota starlet,gas,std,four,sedan,rwd,front,0.1972474225199203,187.8,8.154753215150045,54.1,3131,dohc,six,1.0323857199012576,mpfi,3.27,0.5988365010887039,0.325363876971065,5.049856007249537,5200,20,24,1.5884634551100423,15690.0
182,-1,toyouta tercel,gas,std,four,wagon,rwd,front,0.1972474225199203,187.8,8.154753215150045,54.1,3151,dohc,six,1.0319440272632785,mpfi,3.27,0.5988365010887039,0.325363876971065,5.049856007249537,5200,19,24,1.5884722856644555,15750.0
183,2,vokswagen rabbit,diesel,std,two,sedan,fwd,front,0.1972474225149301,171.7,8.093207028119323,55.7,2261,ohc,four,1.0270182915095782,idi,3.01,0.5709795465857378,0.32570041792875554,3.9512437185814275,4800,37,46,1.5864194324162453,7775.0
184,2,volkswagen 1131 deluxe sedan,gas,std,two,sedan,fwd,front,0.1972474225149301,171.7,8.093207028119323,55.7,2209,ohc,four,1.0283733545229374,mpfi,3.19,0.5709795465857378,0.3253388843073544,4.442651256490317,5250,27,34,1.58651014523312,7975.0
185,2,volkswagen model 111,diesel,std,four,sedan,fwd,front,0.1972474225149301,171.7,8.093207028119323,55.7,2264,ohc,four,1.0270182915095782,idi,3.01,0.5709795465857378,0.32570041792875554,3.9512437185814275,4800,37,46,1.5865190129343556,7995.0
186,2,volkswagen type 3,gas,std,four,sedan,fwd,front,0.1972474225149301,171.7,8.093207028119323,55.7,2212,ohc,four,1.0283733545229374,mpfi,3.19,0.5709795465857378,0.3253388843073544,4.442651256490317,5250,27,34,1.5866057458379035,8195.0
187,2,volkswagen 411 (sw),gas,std,four,sedan,fwd,front,0.1972474225149301,171.7,8.093207028119323,55.7,2275,ohc,four,1.0283733545229374,mpfi,3.19,0.5709795465857378,0.3253388843073544,4.442651256490317,5250,27,34,1.5867295746888135,8495.0
188,2,volkswagen super beetle,diesel,turbo,four,sedan,fwd,front,0.1972474225149301,171.7,8.093207028119323,55.7,2319,ohc,four,1.0270182915095782,idi,3.01,0.5709795465857378,0.32570041792875554,4.219507705176107,4500,37,42,1.5870956112163896,9495.0
189,2,volkswagen dasher,gas,std,four,sedan,fwd,front,0.1972474225149301,171.7,8.093207028119323,55.7,2300,ohc,four,1.0283733545229374,mpfi,3.19,0.5709795465857378,0.3254447380250489,4.605170185988092,5500,26,32,1.58725597791769,9995.0
190,3,vw dasher,gas,std,two,convertible,fwd,front,0.19724742251230815,159.3,8.012490249604053,55.6,2254,ohc,four,1.0283733545229374,mpfi,3.19,0.5709795465857378,0.32526541272790754,4.499809670330265,5500,24,29,1.5876919036433905,11595.0
191,3,vw rabbit,gas,std,two,hatchback,fwd,front,0.19724742251230815,165.7,8.0,51.4,2221,ohc,four,1.0283733545229374,mpfi,3.19,0.5709795465857378,0.32526541272790754,4.499809670330265,5500,24,29,1.5872513578105008,9980.0
192,0,volkswagen rabbit,gas,std,four,sedan,fwd,front,0.19724742251734595,180.2,8.179242018671413,55.1,2661,ohc,five,1.0305617959567805,mpfi,3.19,0.5709795465857378,0.32526541272790754,4.700480365792417,5500,19,24,1.5880591130443107,13295.0
193,0,volkswagen rabbit custom,diesel,turbo,four,sedan,fwd,front,0.19724742251734595,180.2,8.179242018671413,55.1,2579,ohc,four,1.0270182915095782,idi,3.01,0.5709795465857378,0.32570041792875554,4.219507705176107,4500,33,38,1.5881619893625947,13845.0
194,0,volkswagen dasher,gas,std,four,wagon,fwd,front,0.19724742251734595,183.1,8.179242018671413,55.1,2563,ohc,four,1.0283733545229374,mpfi,3.19,0.5709795465857378,0.3253388843073544,4.477336814478207,5500,25,31,1.5878520090718595,12290.0
195,-2,volvo 145e (sw),gas,std,four,sedan,rwd,front,0.19724742251980865,188.8,8.19756061276768,56.2,2912,ohc,four,1.0308766811129448,mpfi,3.78,0.7030975114131134,0.3253974663429546,4.736198448394496,5400,23,28,1.587988952942288,12940.0
196,-1,volvo 144ea,gas,std,four,wagon,rwd,front,0.19724742251980865,188.8,8.19756061276768,57.5,3034,ohc,four,1.0308766811129448,mpfi,3.78,0.7030975114131134,0.3253974663429546,4.736198448394496,5400,23,28,1.588082143646962,13415.0
197,-2,volvo 244dl,gas,std,four,sedan,rwd,front,0.19724742251980865,188.8,8.19756061276768,56.2,2935,ohc,four,1.0308766811129448,mpfi,3.78,0.7030975114131134,0.3253974663429546,4.736198448394496,5400,24,28,1.588506351339418,15985.0
198,-1,volvo 245,gas,std,four,wagon,rwd,front,0.19724742251980865,188.8,8.19756061276768,57.5,3042,ohc,four,1.0308766811129448,mpfi,3.78,0.7030975114131134,0.3253974663429546,4.736198448394496,5400,24,28,1.5885802689857074,16515.0
199,-2,volvo 264gl,gas,turbo,four,sedan,rwd,front,0.19724742251980865,188.8,8.19756061276768,56.2,3045,ohc,four,1.0301525981765405,mpfi,3.62,0.7030975114131134,0.3250515305578951,5.087596335232384,5100,17,22,1.5888169275220552,18420.0
200,-1,volvo diesel,gas,turbo,four,wagon,rwd,front,0.19724742251980865,188.8,8.19756061276768,57.5,3157,ohc,four,1.0301525981765405,mpfi,3.62,0.7030975114131134,0.3250515305578951,5.087596335232384,5100,17,22,1.5888758121122466,18950.0
201,-1,volvo 145e (sw),gas,std,four,sedan,rwd,front,0.19724742252216537,188.8,8.300602387778854,55.5,2952,ohc,four,1.0308766811129448,mpfi,3.78,0.7030975114131134,0.3253974663429546,4.736198448394496,5400,23,28,1.588624371904272,16845.0
202,-1,volvo 144ea,gas,turbo,four,sedan,rwd,front,0.19724742252216537,188.8,8.294576541331088,55.5,3049,ohc,four,1.0308766811129448,mpfi,3.78,0.7030975114131134,0.32529687039009236,5.075173815233827,5300,19,25,1.588886084263113,19045.0
203,-1,volvo 244dl,gas,std,four,sedan,rwd,front,0.19724742252216537,188.8,8.300602387778854,55.5,3012,ohcv,six,1.032468044953341,mpfi,3.58,0.8329091229351039,0.3253115251395032,4.897839799950911,5500,18,23,1.5891241967603495,21485.0
204,-1,volvo 246,diesel,turbo,four,sedan,rwd,front,0.19724742252216537,188.8,8.300602387778854,55.5,3217,ohc,six,1.0311132437991255,idi,3.01,0.5709795465857378,0.32570041792875554,4.663439094112067,4800,26,27,1.5892082394014215,22470.0
205,-1,volvo 264gl,gas,turbo,four,sedan,rwd,front,0.19724742252216537,188.8,8.300602387778854,55.5,3062,ohc,four,1.0308766811129448,mpfi,3.78,0.7030975114131134,0.3253974663429546,4.736198448394496,5400,19,25,1.5892209199727234,22625.0
